<application>
  <component name="com.intellij.ide.ui.customization.CustomActionsSchema">
    <group value="ShowNavBar" is_action="true" action_type="1" position="2">
      <path value="root" />
      <path value="Navigation Bar Toolbar" />
      <path value="Toolbar Run Actions" />
      <path value="Run/Debug" />
      <option name="myInitialPosition" value="-1" />
    </group>
    <group value="ShowNavBar" is_action="true" action_type="1" position="3">
      <path value="root" />
      <path value="Main Menu" />
      <path value="Run" />
      <option name="myInitialPosition" value="-1" />
    </group>
    <group value="ViewObsoleteNavBarAction" is_action="true" action_type="1" position="5">
      <path value="root" />
      <path value="Editor Tab Popup Menu" />
      <path value="Editor Tab Popup Menu Actions (1)" />
      <path value="Run Configurations" />
      <path value="RunContextGroup" />
      <path value="Console.Jdbc.RunContextGroup" />
      <option name="myInitialPosition" value="-1" />
    </group>
  </component>
</application>