<application>
  <component name="GitHubActionCache">
    <option name="actions">
      <map>
        <entry key="a">
          <value>
            <GitHubAction>
              <option name="action" value="true" />
              <option name="metaData">
                <map>
                  <entry key="downloadUrl" value="a" />
                  <entry key="expiryTime" value="1722436823125" />
                  <entry key="isAction" value="true" />
                  <entry key="isLocal" value="true" />
                  <entry key="isSuppressed" value="false" />
                  <entry key="name" value="a" />
                  <entry key="usesValue" value="a" />
                </map>
              </option>
            </GitHubAction>
          </value>
        </entry>
        <entry key="actions/checkout@v3">
          <value>
            <GitHubAction>
              <option name="action" value="true" />
              <option name="inputs">
                <map>
                  <entry key="clean" value="r[false] def[true] Whether to execute `git clean -ffdx &amp;&amp; git reset --hard HEAD` before fetching" />
                  <entry key="fetch-depth" value="r[false] def[1] Number of commits to fetch. 0 indicates all history for all branches and tags." />
                  <entry key="fetch-tags" value="r[false] def[false] Whether to fetch tags, even if fetch-depth &gt; 0." />
                  <entry key="github-server-url" value="r[false]  The base URL for the GitHub instance that you are trying to clone from, will use environment defaults to fetch from the same instance that the workflow is running from unless specified. Example URLs are https://github.com or https://my-ghes-server.example.com" />
                  <entry key="lfs" value="r[false] def[false] Whether to download Git-LFS files" />
                  <entry key="path" value="r[false]  Relative path under $GITHUB_WORKSPACE to place the repository" />
                  <entry key="persist-credentials" value="r[false] def[true] Whether to configure the token or SSH key with the local git config" />
                  <entry key="ref" value="r[false] " />
                  <entry key="repository" value="r[false] def[${{ github.repository }}] Repository name with owner. For example, actions/checkout" />
                  <entry key="set-safe-directory" value="r[false] def[true] Add repository path as safe.directory for Git global config by running `git config --global --add safe.directory &lt;path&gt;`" />
                  <entry key="sparse-checkout" value="r[false] def[null]" />
                  <entry key="sparse-checkout-cone-mode" value="r[false] def[true]" />
                  <entry key="ssh-key" value="r[false] " />
                  <entry key="ssh-known-hosts" value="r[false] " />
                  <entry key="ssh-strict" value="r[false] def[true]" />
                  <entry key="submodules" value="r[false] def[false]" />
                  <entry key="token" value="r[false] def[${{ github.token }}]" />
                </map>
              </option>
              <option name="metaData">
                <map>
                  <entry key="downloadUrl" value="https://raw.githubusercontent.com/actions/checkout/v3/action.yml" />
                  <entry key="expiryTime" value="1722184275445" />
                  <entry key="githubUrl" value="https://github.com/actions/checkout/tree/v3#readme" />
                  <entry key="isAction" value="true" />
                  <entry key="isLocal" value="false" />
                  <entry key="isResolved" value="true" />
                  <entry key="isSuppressed" value="false" />
                  <entry key="name" value="actions/checkout" />
                  <entry key="usesValue" value="actions/checkout@v3" />
                </map>
              </option>
            </GitHubAction>
          </value>
        </entry>
        <entry key="actions/checkout@v4">
          <value>
            <GitHubAction>
              <option name="action" value="true" />
              <option name="inputs">
                <map>
                  <entry key="clean" value="r[false] def[true] Whether to execute `git clean -ffdx &amp;&amp; git reset --hard HEAD` before fetching" />
                  <entry key="fetch-depth" value="r[false] def[1] Number of commits to fetch. 0 indicates all history for all branches and tags." />
                  <entry key="fetch-tags" value="r[false] def[false] Whether to fetch tags, even if fetch-depth &gt; 0." />
                  <entry key="filter" value="r[false] def[null]" />
                  <entry key="github-server-url" value="r[false]  The base URL for the GitHub instance that you are trying to clone from, will use environment defaults to fetch from the same instance that the workflow is running from unless specified. Example URLs are https://github.com or https://my-ghes-server.example.com" />
                  <entry key="lfs" value="r[false] def[false] Whether to download Git-LFS files" />
                  <entry key="path" value="r[false]  Relative path under $GITHUB_WORKSPACE to place the repository" />
                  <entry key="persist-credentials" value="r[false] def[true] Whether to configure the token or SSH key with the local git config" />
                  <entry key="ref" value="r[false] " />
                  <entry key="repository" value="r[false] def[${{ github.repository }}] Repository name with owner. For example, actions/checkout" />
                  <entry key="set-safe-directory" value="r[false] def[true] Add repository path as safe.directory for Git global config by running `git config --global --add safe.directory &lt;path&gt;`" />
                  <entry key="show-progress" value="r[false] def[true] Whether to show progress status output when fetching." />
                  <entry key="sparse-checkout" value="r[false] def[null]" />
                  <entry key="sparse-checkout-cone-mode" value="r[false] def[true]" />
                  <entry key="ssh-key" value="r[false] " />
                  <entry key="ssh-known-hosts" value="r[false] " />
                  <entry key="ssh-strict" value="r[false] def[true]" />
                  <entry key="ssh-user" value="r[false] def[git]" />
                  <entry key="submodules" value="r[false] def[false]" />
                  <entry key="token" value="r[false] def[${{ github.token }}]" />
                </map>
              </option>
              <option name="metaData">
                <map>
                  <entry key="downloadUrl" value="https://raw.githubusercontent.com/actions/checkout/v4/action.yml" />
                  <entry key="expiryTime" value="1722184352213" />
                  <entry key="githubUrl" value="https://github.com/actions/checkout/tree/v4#readme" />
                  <entry key="isAction" value="true" />
                  <entry key="isLocal" value="false" />
                  <entry key="isResolved" value="true" />
                  <entry key="isSuppressed" value="false" />
                  <entry key="name" value="actions/checkout" />
                  <entry key="usesValue" value="actions/checkout@v4" />
                </map>
              </option>
            </GitHubAction>
          </value>
        </entry>
        <entry key="actions/deploy-pages@v2.0.1">
          <value>
            <GitHubAction>
              <option name="action" value="true" />
              <option name="inputs">
                <map>
                  <entry key="artifact_name" value="r[false] def[github-pages] Name of the artifact to deploy" />
                  <entry key="error_count" value="r[false] def[10] Maximum number of status report errors before cancelling a deployment (default: 10)" />
                  <entry key="preview" value="r[false] def[false] Is this attempting to deploy a pull request as a GitHub Pages preview site? (NOTE: This feature is only in alpha currently and is not available to the public!)" />
                  <entry key="reporting_interval" value="r[false] def[5000] Time in milliseconds between two deployment status report (default: 5 seconds)" />
                  <entry key="timeout" value="r[false] def[600000] Time in milliseconds after which to timeout and cancel the deployment (default: 10 minutes)" />
                  <entry key="token" value="r[true] def[${{ github.token }}] GitHub token" />
                </map>
              </option>
              <option name="metaData">
                <map>
                  <entry key="downloadUrl" value="https://raw.githubusercontent.com/actions/deploy-pages/v2.0.1/action.yml" />
                  <entry key="expiryTime" value="1722184275445" />
                  <entry key="githubUrl" value="https://github.com/actions/deploy-pages/tree/v2.0.1#readme" />
                  <entry key="isAction" value="true" />
                  <entry key="isLocal" value="false" />
                  <entry key="isResolved" value="true" />
                  <entry key="isSuppressed" value="false" />
                  <entry key="name" value="actions/deploy-pages" />
                  <entry key="usesValue" value="actions/deploy-pages@v2.0.1" />
                </map>
              </option>
              <option name="outputs">
                <map>
                  <entry key="page_url" value=" URL to deployed GitHub Pages" />
                </map>
              </option>
            </GitHubAction>
          </value>
        </entry>
        <entry key="actions/setup-dotnet@v3">
          <value>
            <GitHubAction>
              <option name="action" value="true" />
              <option name="inputs">
                <map>
                  <entry key="cache" value="r[false] def[false] Optional input to enable caching of the NuGet global-packages folder" />
                  <entry key="cache-dependency-path" value="r[false]  Used to specify the path to a dependency file: packages.lock.json. Supports wildcards or a list of file names for caching multiple dependencies." />
                  <entry key="config-file" value="r[false]  Optional NuGet.config location, if your NuGet.config isn''t located in the root of the repo." />
                  <entry key="dotnet-quality" value="r[false]  Optional quality of the build. The possible values are: daily, signed, validated, preview, ga." />
                  <entry key="dotnet-version" value="r[false]  Optional SDK version(s) to use. If not provided, will install global.json version when available. Examples: 2.2.104, 3.1, 3.1.x, 3.x, 6.0.2xx" />
                  <entry key="global-json-file" value="r[false]  Optional global.json location, if your global.json isn''t located in the root of the repo." />
                  <entry key="owner" value="r[false]  Optional OWNER for using packages from GitHub Package Registry organizations/users other than the current repository''s owner. Only used if a GPR URL is also provided in source-url" />
                  <entry key="source-url" value="r[false]  Optional package source for which to set up authentication. Will consult any existing NuGet.config in the root of the repo and provide a temporary NuGet.config using the NUGET_AUTH_TOKEN environment variable as a ClearTextPassword" />
                </map>
              </option>
              <option name="metaData">
                <map>
                  <entry key="downloadUrl" value="https://raw.githubusercontent.com/actions/setup-dotnet/v3/action.yml" />
                  <entry key="expiryTime" value="1722184275445" />
                  <entry key="githubUrl" value="https://github.com/actions/setup-dotnet/tree/v3#readme" />
                  <entry key="isAction" value="true" />
                  <entry key="isLocal" value="false" />
                  <entry key="isResolved" value="true" />
                  <entry key="isSuppressed" value="false" />
                  <entry key="name" value="actions/setup-dotnet" />
                  <entry key="usesValue" value="actions/setup-dotnet@v3" />
                </map>
              </option>
              <option name="outputs">
                <map>
                  <entry key="cache-hit" value=" A boolean value to indicate if a cache was hit." />
                  <entry key="dotnet-version" value=" Contains the installed by action .NET SDK version for reuse." />
                </map>
              </option>
            </GitHubAction>
          </value>
        </entry>
        <entry key="actions/setup-dotnet@v4">
          <value>
            <GitHubAction>
              <option name="action" value="true" />
              <option name="inputs">
                <map>
                  <entry key="cache" value="r[false] def[false] Optional input to enable caching of the NuGet global-packages folder" />
                  <entry key="cache-dependency-path" value="r[false]  Used to specify the path to a dependency file: packages.lock.json. Supports wildcards or a list of file names for caching multiple dependencies." />
                  <entry key="config-file" value="r[false]  Optional NuGet.config location, if your NuGet.config isn''t located in the root of the repo." />
                  <entry key="dotnet-quality" value="r[false]  Optional quality of the build. The possible values are: daily, signed, validated, preview, ga." />
                  <entry key="dotnet-version" value="r[false]  Optional SDK version(s) to use. If not provided, will install global.json version when available. Examples: 2.2.104, 3.1, 3.1.x, 3.x, 6.0.2xx" />
                  <entry key="global-json-file" value="r[false]  Optional global.json location, if your global.json isn''t located in the root of the repo." />
                  <entry key="owner" value="r[false]  Optional OWNER for using packages from GitHub Package Registry organizations/users other than the current repository''s owner. Only used if a GPR URL is also provided in source-url" />
                  <entry key="source-url" value="r[false]  Optional package source for which to set up authentication. Will consult any existing NuGet.config in the root of the repo and provide a temporary NuGet.config using the NUGET_AUTH_TOKEN environment variable as a ClearTextPassword" />
                </map>
              </option>
              <option name="metaData">
                <map>
                  <entry key="downloadUrl" value="https://raw.githubusercontent.com/actions/setup-dotnet/v4/action.yml" />
                  <entry key="expiryTime" value="1722184586676" />
                  <entry key="githubUrl" value="https://github.com/actions/setup-dotnet/tree/v4#readme" />
                  <entry key="isAction" value="true" />
                  <entry key="isLocal" value="false" />
                  <entry key="isResolved" value="true" />
                  <entry key="isSuppressed" value="false" />
                  <entry key="name" value="actions/setup-dotnet" />
                  <entry key="usesValue" value="actions/setup-dotnet@v4" />
                </map>
              </option>
              <option name="outputs">
                <map>
                  <entry key="cache-hit" value=" A boolean value to indicate if a cache was hit." />
                  <entry key="dotnet-version" value=" Contains the installed by action .NET SDK version for reuse." />
                </map>
              </option>
            </GitHubAction>
          </value>
        </entry>
        <entry key="actions/upload-artifact@v4">
          <value>
            <GitHubAction>
              <option name="action" value="true" />
              <option name="inputs">
                <map>
                  <entry key="compression-level" value="r[false] def[6]" />
                  <entry key="if-no-files-found" value="r[false] def[warn]" />
                  <entry key="name" value="r[false] def[artifact] Artifact name" />
                  <entry key="overwrite" value="r[false] def[false]" />
                  <entry key="path" value="r[true]  A file, directory or wildcard pattern that describes what to upload" />
                  <entry key="retention-days" value="r[false] " />
                </map>
              </option>
              <option name="metaData">
                <map>
                  <entry key="downloadUrl" value="https://raw.githubusercontent.com/actions/upload-artifact/v4/action.yml" />
                  <entry key="expiryTime" value="1722184275445" />
                  <entry key="githubUrl" value="https://github.com/actions/upload-artifact/tree/v4#readme" />
                  <entry key="isAction" value="true" />
                  <entry key="isLocal" value="false" />
                  <entry key="isResolved" value="true" />
                  <entry key="isSuppressed" value="false" />
                  <entry key="name" value="actions/upload-artifact" />
                  <entry key="usesValue" value="actions/upload-artifact@v4" />
                </map>
              </option>
              <option name="outputs">
                <map>
                  <entry key="artifact-id" value="" />
                  <entry key="artifact-url" value="" />
                </map>
              </option>
            </GitHubAction>
          </value>
        </entry>
        <entry key="actions/upload-pages-artifact@v1.0.8">
          <value>
            <GitHubAction>
              <option name="action" value="true" />
              <option name="inputs">
                <map>
                  <entry key="name" value="r[false] def[github-pages] Artifact name" />
                  <entry key="path" value="r[true] def[_site/] Path of the directory containing the static assets." />
                  <entry key="retention-days" value="r[false] def[1] Duration after which artifact will expire in days." />
                </map>
              </option>
              <option name="metaData">
                <map>
                  <entry key="downloadUrl" value="https://raw.githubusercontent.com/actions/upload-pages-artifact/v1.0.8/action.yml" />
                  <entry key="expiryTime" value="1722184275445" />
                  <entry key="githubUrl" value="https://github.com/actions/upload-pages-artifact/tree/v1.0.8#readme" />
                  <entry key="isAction" value="true" />
                  <entry key="isLocal" value="false" />
                  <entry key="isResolved" value="true" />
                  <entry key="isSuppressed" value="false" />
                  <entry key="name" value="actions/upload-pages-artifact" />
                  <entry key="usesValue" value="actions/upload-pages-artifact@v1.0.8" />
                </map>
              </option>
            </GitHubAction>
          </value>
        </entry>
        <entry key="awalsh128/cache-apt-pkgs-action@latest">
          <value>
            <GitHubAction>
              <option name="action" value="true" />
              <option name="inputs">
                <map>
                  <entry key="debug" value="r[false] def[false] Enable debugging when there are issues with action. Minor performance penalty." />
                  <entry key="execute_install_scripts" value="r[false] def[false] Execute Debian package pre and post install script upon restore. See README.md caveats for more information." />
                  <entry key="packages" value="r[true]  Space delimited list of packages to install. Version can be specified optionally using APT command syntax of &lt;name&gt;=&lt;version&gt; (e.g. xdot=1.2-2)." />
                  <entry key="refresh" value="r[false]  OBSOLETE: Refresh is not used by the action, use version instead." />
                  <entry key="version" value="r[false]  Version of cache to load. Each version will have its own cache. Note, all characters except spaces are allowed." />
                </map>
              </option>
              <option name="metaData">
                <map>
                  <entry key="downloadUrl" value="https://raw.githubusercontent.com/awalsh128/cache-apt-pkgs-action/latest/action.yml" />
                  <entry key="expiryTime" value="1722184275445" />
                  <entry key="githubUrl" value="https://github.com/awalsh128/cache-apt-pkgs-action/tree/latest#readme" />
                  <entry key="isAction" value="true" />
                  <entry key="isLocal" value="false" />
                  <entry key="isResolved" value="true" />
                  <entry key="isSuppressed" value="false" />
                  <entry key="name" value="awalsh128/cache-apt-pkgs-action" />
                  <entry key="usesValue" value="awalsh128/cache-apt-pkgs-action@latest" />
                </map>
              </option>
              <option name="outputs">
                <map>
                  <entry key="all-package-version-list" value=" All the pulled in packages and versions, including dependencies, that are installed. Represented as a comma delimited list with equals delimit on the package version (i.e. &lt;package&gt;:&lt;version,&lt;package&gt;:&lt;version&gt;)." />
                  <entry key="cache-hit" value=" A boolean value to indicate a cache was found for the packages requested." />
                  <entry key="package-version-list" value=" The main requested packages and versions that are installed. Represented as a comma delimited list with equals delimit on the package version (i.e. &lt;package&gt;:&lt;version,&lt;package&gt;:&lt;version&gt;)." />
                </map>
              </option>
            </GitHubAction>
          </value>
        </entry>
        <entry key="chickensoft-games/setup-godot@v1">
          <value>
            <GitHubAction>
              <option name="action" value="true" />
              <option name="inputs">
                <map>
                  <entry key="bin-path" value="r[false] def[bin]" />
                  <entry key="downloads-path" value="r[false] def[downloads]" />
                  <entry key="godot-sharp-release" value="r[false] def[false]" />
                  <entry key="include-templates" value="r[false] def[false]" />
                  <entry key="path" value="r[false] def[godot]" />
                  <entry key="use-dotnet" value="r[false] def[true]" />
                  <entry key="version" value="r[true] " />
                </map>
              </option>
              <option name="metaData">
                <map>
                  <entry key="downloadUrl" value="https://raw.githubusercontent.com/chickensoft-games/setup-godot/v1/action.yml" />
                  <entry key="expiryTime" value="1722184275445" />
                  <entry key="githubUrl" value="https://github.com/chickensoft-games/setup-godot/tree/v1#readme" />
                  <entry key="isAction" value="true" />
                  <entry key="isLocal" value="false" />
                  <entry key="isResolved" value="true" />
                  <entry key="isSuppressed" value="false" />
                  <entry key="name" value="chickensoft-games/setup-godot" />
                  <entry key="usesValue" value="chickensoft-games/setup-godot@v1" />
                </map>
              </option>
            </GitHubAction>
          </value>
        </entry>
        <entry key="chickensoft-games/setup-godot@v2">
          <value>
            <GitHubAction>
              <option name="action" value="true" />
              <option name="inputs">
                <map>
                  <entry key="bin-path" value="r[false] def[bin]" />
                  <entry key="cache" value="r[false] def[true]" />
                  <entry key="downloads-path" value="r[false] def[downloads]" />
                  <entry key="godot-sharp-release" value="r[false] def[false]" />
                  <entry key="include-templates" value="r[false] def[false]" />
                  <entry key="path" value="r[false] def[godot]" />
                  <entry key="use-dotnet" value="r[false] def[true]" />
                  <entry key="version" value="r[true] " />
                </map>
              </option>
              <option name="metaData">
                <map>
                  <entry key="downloadUrl" value="https://raw.githubusercontent.com/chickensoft-games/setup-godot/v2/action.yml" />
                  <entry key="expiryTime" value="1722706242581" />
                  <entry key="githubUrl" value="https://github.com/chickensoft-games/setup-godot/tree/v2#readme" />
                  <entry key="isAction" value="true" />
                  <entry key="isLocal" value="false" />
                  <entry key="isResolved" value="true" />
                  <entry key="isSuppressed" value="false" />
                  <entry key="name" value="chickensoft-games/setup-godot" />
                  <entry key="usesValue" value="chickensoft-games/setup-godot@v2" />
                </map>
              </option>
            </GitHubAction>
          </value>
        </entry>
        <entry key="peter-evans/create-pull-request@v5">
          <value>
            <GitHubAction>
              <option name="action" value="true" />
              <option name="inputs">
                <map>
                  <entry key="add-paths" value="r[false] " />
                  <entry key="assignees" value="r[false]  A comma or newline separated list of assignees (GitHub usernames)." />
                  <entry key="author" value="r[false] def[${{ github.actor }} &lt;${{ github.actor }}@users.noreply.github.com&gt;]" />
                  <entry key="base" value="r[false] " />
                  <entry key="body" value="r[false] def[Automated changes by [create-pull-request](https://github.com/peter-evans/create-pull-request) GitHub action] The body of the pull request." />
                  <entry key="body-path" value="r[false]  The path to a file containing the pull request body. Takes precedence over `body`." />
                  <entry key="branch" value="r[false] def[create-pull-request/patch] The pull request branch name." />
                  <entry key="branch-suffix" value="r[false]  The branch suffix type when using the alternative branching strategy." />
                  <entry key="commit-message" value="r[false] def[[create-pull-request] automated change] The message to use when committing changes." />
                  <entry key="committer" value="r[false] def[GitHub &lt;noreply@github.com&gt;]" />
                  <entry key="delete-branch" value="r[false] def[false]" />
                  <entry key="draft" value="r[false] def[false] Create a draft pull request. It is not possible to change draft status after creation except through the web interface" />
                  <entry key="labels" value="r[false]  A comma or newline separated list of labels." />
                  <entry key="milestone" value="r[false]  The number of the milestone to associate the pull request with." />
                  <entry key="path" value="r[false] " />
                  <entry key="push-to-fork" value="r[false] " />
                  <entry key="reviewers" value="r[false]  A comma or newline separated list of reviewers (GitHub usernames) to request a review from." />
                  <entry key="signoff" value="r[false] def[false] Add `Signed-off-by` line by the committer at the end of the commit log message." />
                  <entry key="team-reviewers" value="r[false] " />
                  <entry key="title" value="r[false] def[Changes by create-pull-request action] The title of the pull request." />
                  <entry key="token" value="r[false] def[${{ github.token }}] GITHUB_TOKEN or a `repo` scoped Personal Access Token (PAT)" />
                </map>
              </option>
              <option name="metaData">
                <map>
                  <entry key="downloadUrl" value="https://raw.githubusercontent.com/peter-evans/create-pull-request/v5/action.yml" />
                  <entry key="expiryTime" value="1722184275445" />
                  <entry key="githubUrl" value="https://github.com/peter-evans/create-pull-request/tree/v5#readme" />
                  <entry key="isAction" value="true" />
                  <entry key="isLocal" value="false" />
                  <entry key="isResolved" value="true" />
                  <entry key="isSuppressed" value="false" />
                  <entry key="name" value="peter-evans/create-pull-request" />
                  <entry key="usesValue" value="peter-evans/create-pull-request@v5" />
                </map>
              </option>
              <option name="outputs">
                <map>
                  <entry key="pull-request-head-sha" value=" The commit SHA of the pull request branch." />
                  <entry key="pull-request-number" value=" The pull request number" />
                  <entry key="pull-request-operation" value=" The pull request operation performed by the action, `created`, `updated` or `closed`." />
                  <entry key="pull-request-url" value=" The URL of the pull request." />
                </map>
              </option>
            </GitHubAction>
          </value>
        </entry>
        <entry key="streetsidesoftware/cspell-action@v4">
          <value>
            <GitHubAction>
              <option name="action" value="true" />
              <option name="metaData">
                <map>
                  <entry key="downloadUrl" value="https://raw.githubusercontent.com/streetsidesoftware/cspell-action/v4/action.yml" />
                  <entry key="expiryTime" value="1722184275445" />
                  <entry key="githubUrl" value="https://github.com/streetsidesoftware/cspell-action/tree/v4#readme" />
                  <entry key="isAction" value="true" />
                  <entry key="isLocal" value="false" />
                  <entry key="isSuppressed" value="false" />
                  <entry key="name" value="streetsidesoftware/cspell-action" />
                  <entry key="usesValue" value="streetsidesoftware/cspell-action@v4" />
                </map>
              </option>
            </GitHubAction>
          </value>
        </entry>
        <entry key="streetsidesoftware/cspell-action@v6">
          <value>
            <GitHubAction>
              <option name="action" value="true" />
              <option name="metaData">
                <map>
                  <entry key="downloadUrl" value="https://raw.githubusercontent.com/streetsidesoftware/cspell-action/v6/action.yml" />
                  <entry key="expiryTime" value="1722706245154" />
                  <entry key="githubUrl" value="https://github.com/streetsidesoftware/cspell-action/tree/v6#readme" />
                  <entry key="isAction" value="true" />
                  <entry key="isLocal" value="false" />
                  <entry key="isSuppressed" value="false" />
                  <entry key="name" value="streetsidesoftware/cspell-action" />
                  <entry key="usesValue" value="streetsidesoftware/cspell-action@v6" />
                </map>
              </option>
            </GitHubAction>
          </value>
        </entry>
        <entry key="vers-one/dotnet-project-version-updater@v1.3">
          <value>
            <GitHubAction>
              <option name="action" value="true" />
              <option name="inputs">
                <map>
                  <entry key="file" value="r[true]  Project file paths" />
                  <entry key="version" value="r[true]  New version" />
                </map>
              </option>
              <option name="metaData">
                <map>
                  <entry key="downloadUrl" value="https://raw.githubusercontent.com/vers-one/dotnet-project-version-updater/v1.3/action.yml" />
                  <entry key="expiryTime" value="1722184275445" />
                  <entry key="githubUrl" value="https://github.com/vers-one/dotnet-project-version-updater/tree/v1.3#readme" />
                  <entry key="isAction" value="true" />
                  <entry key="isLocal" value="false" />
                  <entry key="isResolved" value="true" />
                  <entry key="isSuppressed" value="false" />
                  <entry key="name" value="vers-one/dotnet-project-version-updater" />
                  <entry key="usesValue" value="vers-one/dotnet-project-version-updater@v1.3" />
                </map>
              </option>
              <option name="outputs">
                <map>
                  <entry key="newVersion" value=" Version set by the action during the update" />
                  <entry key="oldVersion" value=" Version found in the file before the update" />
                </map>
              </option>
            </GitHubAction>
          </value>
        </entry>
      </map>
    </option>
  </component>
</application>