<application>
  <component name="GeneralSettings">
    <option name="reopenLastProject" value="false" />
    <option name="confirmOpenNewProject2" value="0" />
  </component>
  <component name="Registry">
    <entry key="vcs.log.show.diff.preview.as.editor.tab" value="true" />
    <entry key="ide.new.project.model" value="false" />
    <entry key="ide.borderless.title.product" value="false" />
    <entry key="ide.tree.expand.navigatable.on.double.click.disabled" value="true" />
    <entry key="ide.mac.bigsur.alerts.enabled" value="false" />
    <entry key="ide.borderless.title.version" value="false" />
    <entry key="documentation.show.toolbar" value="true" />
    <entry key="ide.win.frame.decoration" value="true" />
    <entry key="use.tabbed.welcome.screen" value="false" />
    <entry key="ide.mac.bigsur.window.with.tabs.enabled" value="false" />
    <entry key="ide.experimental.ui" value="true" />
    <entry key="show.log.as.editor.tab" value="false" />
    <entry key="ide.svg.icon" value="true" />
    <entry key="show.diff.preview.as.editor.tab" value="true" />
    <entry key="ide.experimental.ui.inter.font" value="false" />
    <entry key="idea.plugins.compatible.build" value="" />
  </component>
  <component name="StatusBar">
    <option name="widgets">
      <map>
        <entry key="CwmWireStatsWidgetFactory" value="false" />
        <entry key="Memory" value="true" />
        <entry key="RiderMemory" value="true" />
      </map>
    </option>
  </component>
</application>