<application>
  <component name="LafManager" autodetect="false">
    <laf class-name="com.intellij.ide.ui.laf.darcula.DarculaLaf" themeId="RiderMelonNight" />
    <lafs-to-previous-schemes>
      <laf-to-scheme laf="Dark" scheme="_@user_Dark" />
      <laf-to-scheme laf="High contrast" scheme="_@user_High contrast" />
      <laf-to-scheme laf="Light with Light Header" scheme="_@user_Light" />
      <laf-to-scheme laf="One Dark" scheme="_@user_One Dark" />
      <laf-to-scheme laf="One Dark Italic" scheme="_@user_One Dark Italic" />
      <laf-to-scheme laf="One Dark Vivid" scheme="_@user_One Dark Vivid" />
      <laf-to-scheme laf="One Dark Vivid Italic" scheme="_@user_One Dark Vivid Italic" />
      <laf-to-scheme laf="ReSharper Night" scheme="_@user_ReSharper Dark" />
      <laf-to-scheme laf="Rider Day" scheme="_@user_Rider Light" />
      <laf-to-scheme laf="Rider Melon Night" scheme="_@user_Rider Melon Dark" />
      <laf-to-scheme laf="Rider Night" scheme="_@user_Rider Dark" />
      <laf-to-scheme laf="Visual Assist Night" scheme="_@user_Visual Assist Dark" />
      <laf-to-scheme laf="Visual Studio Day" scheme="_@user_Visual Studio Light" />
      <laf-to-scheme laf="Visual Studio Night" scheme="_@user_Visual Studio Dark" />
    </lafs-to-previous-schemes>
  </component>
</application>