<application>
  <component name="ProjectManager">
    <defaultProject>
      <component name="Encoding" addBOMForNewFiles="with BOM under Windows, with no BOM otherwise" />
      <component name="ProjectViewState">
        <option name="autoscrollFromSource" value="true" />
        <option name="autoscrollToSource" value="true" />
        <option name="hideEmptyMiddlePackages" value="true" />
        <option name="showLibraryContents" value="true" />
      </component>
      <component name="PropertiesComponent"><![CDATA[{
  "keyToString": {
    "settings.editor.selected.configurable": "preferences.pluginManager"
  }
}]]></component>
      <component name="TaskManager">
        <task active="true" id="Default" summary="默认任务">
          <created>1691130398377</created>
          <option name="number" value="Default" />
          <option name="presentableId" value="Default" />
          <updated>1691130398377</updated>
        </task>
        <servers />
      </component>
      <component name="WindowStateProjectService">
        <state x="782" y="227" key="SettingsEditor" timestamp="1691130410948">
          <screen x="0" y="0" width="2560" height="1440" />
        </state>
        <state x="782" y="227" key="SettingsEditor/0.0.2560.1440/3840.0.2560.1440" timestamp="1691130410948" />
      </component>
    </defaultProject>
  </component>
</application>