<application>
  <component name="UISettings">
    <option name="compactTreeIndents" value="true" />
    <option name="FULL_PATHS_IN_TITLE_BAR" value="true" />
    <option name="MAX_LOOKUP_LIST_HEIGHT" value="22" />
    <option name="MAX_LOOKUP_WIDTH2" value="1000" />
    <option name="OPEN_IN_PREVIEW_TAB_IF_POSSIBLE" value="true" />
    <option name="OVERRIDE_NONIDEA_LAF_FONTS" value="true" />
    <option name="SEPARATE_MAIN_MENU" value="true" />
    <option name="showTreeIndentGuides" value="true" />
  </component>
</application>