<application>
  <component name="ProjectViewFileNesting">
    <nesting-rules>
      <NestingRule child-file-suffix=".asax.cs" parent-file-suffix=".asax" />
      <NestingRule child-file-suffix=".asax.designer.cs" parent-file-suffix=".asax" />
      <NestingRule child-file-suffix=".asax.vb" parent-file-suffix=".asax" />
      <NestingRule child-file-suffix=".asax.designer.vb" parent-file-suffix=".asax" />
      <NestingRule child-file-suffix=".ascx.cs" parent-file-suffix=".ascx" />
      <NestingRule child-file-suffix=".ascx.designer.cs" parent-file-suffix=".ascx" />
      <NestingRule child-file-suffix=".ascx.vb" parent-file-suffix=".ascx" />
      <NestingRule child-file-suffix=".ascx.designer.vb" parent-file-suffix=".ascx" />
      <NestingRule child-file-suffix=".aspx.cs" parent-file-suffix=".aspx" />
      <NestingRule child-file-suffix=".aspx.designer.cs" parent-file-suffix=".aspx" />
      <NestingRule child-file-suffix=".aspx.vb" parent-file-suffix=".aspx" />
      <NestingRule child-file-suffix=".aspx.designer.vb" parent-file-suffix=".aspx" />
      <NestingRule child-file-suffix=".cjs.map" parent-file-suffix=".cjs" />
      <NestingRule child-file-suffix=".designer.cs" parent-file-suffix=".cs" />
      <NestingRule child-file-suffix=".generated.cs" parent-file-suffix=".cs" />
      <NestingRule child-file-suffix=".resx" parent-file-suffix=".cs" />
      <NestingRule child-file-suffix=".cshtml.cs" parent-file-suffix=".cshtml" />
      <NestingRule child-file-suffix=".cshtml.vb" parent-file-suffix=".cshtml" />
      <NestingRule child-file-suffix=".cshtml.css" parent-file-suffix=".cshtml" />
      <NestingRule child-file-suffix=".cshtml.scss" parent-file-suffix=".cshtml" />
      <NestingRule child-file-suffix=".cshtml.js" parent-file-suffix=".cshtml" />
      <NestingRule child-file-suffix=".min.css" parent-file-suffix=".css" />
      <NestingRule child-file-suffix=".css.map" parent-file-suffix=".css" />
      <NestingRule child-file-suffix=".min.css.map" parent-file-suffix=".css" />
      <NestingRule child-file-suffix=".js" parent-file-suffix=".cts" />
      <NestingRule child-file-suffix=".js.map" parent-file-suffix=".cts" />
      <NestingRule child-file-suffix=".cjs" parent-file-suffix=".cts" />
      <NestingRule child-file-suffix=".cjs.map" parent-file-suffix=".cts" />
      <NestingRule child-file-suffix=".d.cts" parent-file-suffix=".cts" />
      <NestingRule child-file-suffix=".d.cts.map" parent-file-suffix=".cts" />
      <NestingRule child-file-suffix=".cs" parent-file-suffix=".edmx" />
      <NestingRule child-file-suffix=".designer.cs" parent-file-suffix=".edmx" />
      <NestingRule child-file-suffix=".vb" parent-file-suffix=".edmx" />
      <NestingRule child-file-suffix=".designer.vb" parent-file-suffix=".edmx" />
      <NestingRule child-file-suffix=".js" parent-file-suffix=".es6" />
      <NestingRule child-file-suffix=".js.map" parent-file-suffix=".es6" />
      <NestingRule child-file-suffix=".tscn" parent-file-suffix=".gd" />
      <NestingRule child-file-suffix=".html" parent-file-suffix=".jade" />
      <NestingRule child-file-suffix=".jpeg.import" parent-file-suffix=".jpeg" />
      <NestingRule child-file-suffix=".jpg.import" parent-file-suffix=".jpg" />
      <NestingRule child-file-suffix=".min.js" parent-file-suffix=".js" />
      <NestingRule child-file-suffix=".min.js.map" parent-file-suffix=".js" />
      <NestingRule child-file-suffix=".map" parent-file-suffix=".js" />
      <NestingRule child-file-suffix=".js.map" parent-file-suffix=".js" />
      <NestingRule child-file-suffix="-compiled.js" parent-file-suffix=".js" />
      <NestingRule child-file-suffix="-compiled.js.map" parent-file-suffix=".js" />
      <NestingRule child-file-suffix=".js" parent-file-suffix=".jsx" />
      <NestingRule child-file-suffix=".js.map" parent-file-suffix=".jsx" />
      <NestingRule child-file-suffix=".css" parent-file-suffix=".less" />
      <NestingRule child-file-suffix=".css.map" parent-file-suffix=".less" />
      <NestingRule child-file-suffix=".master.cs" parent-file-suffix=".master" />
      <NestingRule child-file-suffix=".master.designer.cs" parent-file-suffix=".master" />
      <NestingRule child-file-suffix=".master.vb" parent-file-suffix=".master" />
      <NestingRule child-file-suffix=".master.designer.vb" parent-file-suffix=".master" />
      <NestingRule child-file-suffix=".mjs.map" parent-file-suffix=".mjs" />
      <NestingRule child-file-suffix=".js" parent-file-suffix=".mts" />
      <NestingRule child-file-suffix=".js.map" parent-file-suffix=".mts" />
      <NestingRule child-file-suffix=".mjs" parent-file-suffix=".mts" />
      <NestingRule child-file-suffix=".mjs.map" parent-file-suffix=".mts" />
      <NestingRule child-file-suffix=".d.mts" parent-file-suffix=".mts" />
      <NestingRule child-file-suffix=".d.mts.map" parent-file-suffix=".mts" />
      <NestingRule child-file-suffix=".png.import" parent-file-suffix=".png" />
      <NestingRule child-file-suffix=".html" parent-file-suffix=".pug" />
      <NestingRule child-file-suffix=".razor.cs" parent-file-suffix=".razor" />
      <NestingRule child-file-suffix=".razor.vb" parent-file-suffix=".razor" />
      <NestingRule child-file-suffix=".razor.css" parent-file-suffix=".razor" />
      <NestingRule child-file-suffix=".razor.scss" parent-file-suffix=".razor" />
      <NestingRule child-file-suffix=".razor.js" parent-file-suffix=".razor" />
      <NestingRule child-file-suffix=".designer.cs" parent-file-suffix=".resx" />
      <NestingRule child-file-suffix=".designer.vb" parent-file-suffix=".resx" />
      <NestingRule child-file-suffix=".css" parent-file-suffix=".sass" />
      <NestingRule child-file-suffix=".css.map" parent-file-suffix=".sass" />
      <NestingRule child-file-suffix=".css" parent-file-suffix=".scss" />
      <NestingRule child-file-suffix=".css.map" parent-file-suffix=".scss" />
      <NestingRule child-file-suffix=".designer.cs" parent-file-suffix=".settings" />
      <NestingRule child-file-suffix=".designer.vb" parent-file-suffix=".settings" />
      <NestingRule child-file-suffix=".svg.import" parent-file-suffix=".svg" />
      <NestingRule child-file-suffix=".js" parent-file-suffix=".ts" />
      <NestingRule child-file-suffix=".js.map" parent-file-suffix=".ts" />
      <NestingRule child-file-suffix=".mjs" parent-file-suffix=".ts" />
      <NestingRule child-file-suffix=".mjs.map" parent-file-suffix=".ts" />
      <NestingRule child-file-suffix=".cjs" parent-file-suffix=".ts" />
      <NestingRule child-file-suffix=".cjs.map" parent-file-suffix=".ts" />
      <NestingRule child-file-suffix=".d.ts" parent-file-suffix=".ts" />
      <NestingRule child-file-suffix=".d.ts.map" parent-file-suffix=".ts" />
      <NestingRule child-file-suffix=".js" parent-file-suffix=".tsx" />
      <NestingRule child-file-suffix=".js.map" parent-file-suffix=".tsx" />
      <NestingRule child-file-suffix=".jsx" parent-file-suffix=".tsx" />
      <NestingRule child-file-suffix=".jsx.map" parent-file-suffix=".tsx" />
      <NestingRule child-file-suffix=".d.ts" parent-file-suffix=".tsx" />
      <NestingRule child-file-suffix=".d.ts.map" parent-file-suffix=".tsx" />
      <NestingRule child-file-suffix=".cs" parent-file-suffix=".tt" />
      <NestingRule child-file-suffix=".generated.cs" parent-file-suffix=".tt" />
      <NestingRule child-file-suffix=".vb" parent-file-suffix=".tt" />
      <NestingRule child-file-suffix=".generated.vb" parent-file-suffix=".tt" />
      <NestingRule child-file-suffix=".designer.vb" parent-file-suffix=".vb" />
      <NestingRule child-file-suffix=".generated.vb" parent-file-suffix=".vb" />
      <NestingRule child-file-suffix=".resx" parent-file-suffix=".vb" />
      <NestingRule child-file-suffix=".xaml.cs" parent-file-suffix=".xaml" />
      <NestingRule child-file-suffix=".xaml.vb" parent-file-suffix=".xaml" />
      <NestingRule child-file-suffix=".designer.cs" parent-file-suffix=".xsd" />
      <NestingRule child-file-suffix=".designer.vb" parent-file-suffix=".xsd" />
      <NestingRule child-file-suffix=".dockerignore" parent-file-suffix="dockerfile" />
    </nesting-rules>
  </component>
  <component name="UISettings">
    <option name="compactTreeIndents" value="true" />
    <option name="FULL_PATHS_IN_TITLE_BAR" value="true" />
    <option name="MAX_LOOKUP_LIST_HEIGHT" value="21" />
    <option name="MAX_LOOKUP_WIDTH2" value="1000" />
    <option name="OPEN_IN_PREVIEW_TAB_IF_POSSIBLE" value="true" />
    <option name="showTreeIndentGuides" value="true" />
    <option name="UI_DENSITY" value="COMPACT" />
  </component>
</application>